"Cipher Info","","","","Implementation Info","","","Code Size","","","","","RAM","","","","","","","","","","Execution Time","","",""
"","","","","","","","","","","","Stack","","","","Data","","","",""
"Cipher","Block Size (bits)","Key Size (bits)","Version","Language","Options","EKS (bytes)","E (bytes)","DKS (bytes)","D(bytes)","EKS + E + DKS + D (bytes)","EKS (bytes)","E (bytes)","DKS (bytes)","D (bytes)","EKS (bytes)","E (bytes)","DKS (bytes)","D (bytes)","Common (bytes)","Total (bytes)","EKS (cycles)","E (cycles)","DKS (cycles)","D (cycles)"
"CLEFIA","128","128","02","C",="-O3","3380","3724","0","3940","4620","-","-","-","-","-","-","-","-","-","-","15375","117960","0","118162"
"CLEFIA","128","128","02","C",="-O2","2936","2952","0","2992","3344","-","-","-","-","-","-","-","-","-","-","18196","147718","0","147554"
"CLEFIA","128","128","02","C",="-O1","1804","1796","0","1848","2208","-","-","-","-","-","-","-","-","-","-","20671","161828","0","163067"
"CLEFIA","128","128","02","C",="-Os","1732","1736","0","1786","2106","-","-","-","-","-","-","-","-","-","-","20424","168622","0","169005"
"CLEFIA","128","128","04","C",="-O3","2892","3132","0","3348","4076","-","-","-","-","-","-","-","-","-","-","11363","94104","0","94627"
"CLEFIA","128","128","04","C",="-O2","2880","2792","0","2832","3232","-","-","-","-","-","-","-","-","-","-","11373","96162","0","96254"
"CLEFIA","128","128","04","C",="-O1","1788","1700","0","1752","2136","-","-","-","-","-","-","-","-","-","-","12985","117733","0","118534"
"CLEFIA","128","128","04","C",="-Os","1716","1634","0","1684","2030","-","-","-","-","-","-","-","-","-","-","13058","116619","0","117050"
"CLEFIA","128","128","05","C",="-O3","3132","2976","0","3192","4316","-","-","-","-","-","-","-","-","-","-","10266","94747","0","95142"
"CLEFIA","128","128","05","C",="-O2","3132","2648","0","2688","3484","-","-","-","-","-","-","-","-","-","-","10262","96586","0","96246"
"CLEFIA","128","128","05","C",="-O1","1912","1584","0","1636","2260","-","-","-","-","-","-","-","-","-","-","10906","108317","0","109078"
"CLEFIA","128","128","05","C",="-Os","1908","1536","0","1586","2222","-","-","-","-","-","-","-","-","-","-","10682","108110","0","108831"
"CLEFIA","128","128","06","C",="-O3","2052","10088","0","10304","11428","-","-","-","-","-","-","-","-","-","-","3733","15681","0","16086"
"CLEFIA","128","128","06","C",="-O2","1276","8984","0","9024","9820","-","-","-","-","-","-","-","-","-","-","4254","23411","0","24458"
"CLEFIA","128","128","06","C",="-O1","1120","8984","0","9036","9660","-","-","-","-","-","-","-","-","-","-","3924","24636","0","25659"
"CLEFIA","128","128","06","C",="-Os","1082","8902","0","8952","9588","-","-","-","-","-","-","-","-","-","-","4204","30166","0","27581"
"CLEFIA","128","128","07","C",="-O3","1820","5760","0","5976","7100","-","-","-","-","-","-","-","-","-","-","3569","14025","0","14374"
"CLEFIA","128","128","07","C",="-O2","1252","4864","0","4904","5700","-","-","-","-","-","-","-","-","-","-","4291","24761","0","26118"
"CLEFIA","128","128","07","C",="-O1","1088","4856","0","4908","5532","-","-","-","-","-","-","-","-","-","-","3804","23196","0","24219"
"CLEFIA","128","128","07","C",="-Os","1066","4790","0","4840","5476","-","-","-","-","-","-","-","-","-","-","4080","28694","0","25837"
"CLEFIA","128","128","08","C",="-O3","1676","5616","0","5832","6956","-","-","-","-","-","-","-","-","-","-","3569","14025","0","14374"
"CLEFIA","128","128","08","C",="-O2","1652","5264","0","5304","6100","-","-","-","-","-","-","-","-","-","-","3573","15889","0","16926"
"CLEFIA","128","128","08","C",="-O1","1416","5184","0","5236","5860","-","-","-","-","-","-","-","-","-","-","3364","17501","0","17498"
"CLEFIA","128","128","08","C",="-Os","1336","5060","0","5110","5746","-","-","-","-","-","-","-","-","-","-","3442","21018","0","18399"
"CLEFIA","128","128","09","C",="-O3","1272","7068","0","7292","11056","-","-","-","-","-","-","-","-","-","-","3646","12216","0","12536"
"CLEFIA","128","128","09","C",="-O2","1272","6740","0","6788","10224","-","-","-","-","-","-","-","-","-","-","3656","14023","0","13584"
"CLEFIA","128","128","09","C",="-O1","1044","6776","0","6828","10072","-","-","-","-","-","-","-","-","-","-","3110","14665","0","15753"
"CLEFIA","128","128","09","C",="-Os","1012","6848","0","6914","10198","-","-","-","-","-","-","-","-","-","-","3163","14558","0","14629"
"CLEFIA","128","128","10","C",="-O3","1736","5676","0","5892","7016","-","-","-","-","-","-","-","-","-","-","3499","13151","0","13838"
"CLEFIA","128","128","10","C",="-O2","1720","5332","0","5372","6168","-","-","-","-","-","-","-","-","-","-","3533","15390","0","15366"
"CLEFIA","128","128","10","C",="-O1","1484","5252","0","5304","5928","-","-","-","-","-","-","-","-","-","-","3276","16637","0","16797"
"CLEFIA","128","128","10","C",="-Os","1364","5088","0","5138","5774","-","-","-","-","-","-","-","-","-","-","3284","18879","0","18930"
"CLEFIA","128","128","11","C",="-O3","1304","7028","0","7172","10928","-","-","-","-","-","-","-","-","-","-","3807","11776","0","11840"
"CLEFIA","128","128","11","C",="-O2","1300","6700","0","6668","10092","-","-","-","-","-","-","-","-","-","-","3833","12735","0","13052"
"CLEFIA","128","128","11","C",="-O1","1064","6380","0","6432","9300","-","-","-","-","-","-","-","-","-","-","3205","12561","0","13924"
"CLEFIA","128","128","11","C",="-Os","1008","6356","0","6406","9194","-","-","-","-","-","-","-","-","-","-","3189","11470","0","11530"
"AES","128","128","02","C",="-O3","692","7248","4884","3376","15256","-","-","-","-","-","-","-","-","-","-","888","18285","2654","19158"
"AES","128","128","02","C",="-O2","452","6920","4644","2872","14184","-","-","-","-","-","-","-","-","-","-","1382","20010","3146","21137"
"AES","128","128","02","C",="-O1","464","6556","4644","2592","13544","-","-","-","-","-","-","-","-","-","-","1424","17909","3243","19432"
"AES","128","128","02","C",="-Os","440","6532","4616","2566","13462","-","-","-","-","-","-","-","-","-","-","1876","18138","4743","19363"
"AES","128","128","08","C",="-O3","472","5312","4668","1436","11164","-","-","-","-","-","-","-","-","-","-","969","12575","2125","12866"
"AES","128","128","08","C",="-O2","472","4972","4668","920","10308","-","-","-","-","-","-","-","-","-","-","937","14775","2199","14769"
"AES","128","128","08","C",="-O1","488","4988","4680","960","10380","-","-","-","-","-","-","-","-","-","-","1206","17177","2485","18857"
"AES","128","128","08","C",="-Os","471","4936","4647","906","10237","-","-","-","-","-","-","-","-","-","-","1111","19694","3251","17390"
"AES","128","128","09","C",="-O3","472","2180","1572","1384","4884","-","-","-","-","-","-","-","-","-","-","914","11712","2165","12311"
"AES","128","128","09","C",="-O2","472","1848","1572","880","4048","-","-","-","-","-","-","-","-","-","-","930","13439","2181","13652"
"AES","128","128","09","C",="-O1","488","1856","1584","896","4088","-","-","-","-","-","-","-","-","-","-","1101","14353","2693","14812"
"AES","128","128","09","C",="-Os","471","1828","1567","866","4009","-","-","-","-","-","-","-","-","-","-","1122","15114","2509","15081"
"AES","128","128","10","C",="-O3","472","2180","1572","1384","4884","-","-","-","-","-","-","-","-","-","-","914","11704","2165","12303"
"AES","128","128","10","C",="-O2","472","1612","1572","656","3588","-","-","-","-","-","-","-","-","-","-","937","20239","2191","19305"
"AES","128","128","10","C",="-O1","488","1632","1584","684","3652","-","-","-","-","-","-","-","-","-","-","1138","19027","2589","21171"
"AES","128","128","10","C",="-Os","471","1584","1567","638","3537","-","-","-","-","-","-","-","-","-","-","1158","20311","2690","23610"
"AES","128","128","11","C",="-O3","472","4148","1572","3340","8808","-","-","-","-","-","-","-","-","-","-","962","12488","2347","12941"
"AES","128","128","11","C",="-O2","472","3820","1572","2836","7976","-","-","-","-","-","-","-","-","-","-","944","14227","2332","14910"
"AES","128","128","11","C",="-O1","488","3392","1584","2384","7112","-","-","-","-","-","-","-","-","-","-","1101","12185","2693","13316"
"AES","128","128","11","C",="-Os","471","3368","1567","2362","7045","-","-","-","-","-","-","-","-","-","-","1107","12290","2682","12675"
"RoadRunneR","64","128","02","C",="-O3","64","1672","144","1804","2504","-","-","-","-","-","-","-","-","-","-","200","69254","1146","70064"
"RoadRunneR","64","128","02","C",="-O2","64","440","48","484","804","-","-","-","-","-","-","-","-","-","-","222","188662","2820","189286"
"RoadRunneR","64","128","02","C",="-O1","64","416","56","472","796","-","-","-","-","-","-","-","-","-","-","201","194205","1940","195741"
"RoadRunneR","64","128","02","C",="-Os","58","386","46","436","722","-","-","-","-","-","-","-","-","-","-","376","201306","2099","200973"
"RoadRunneR","64","128","07","C",="-O3","48","1448","0","1572","2120","-","-","-","-","-","-","-","-","-","-","260","73018","0","75682"
"RoadRunneR","64","128","07","C",="-O2","48","456","0","500","736","-","-","-","-","-","-","-","-","-","-","241","116355","0","118018"
"RoadRunneR","64","128","07","C",="-O1","40","440","0","496","720","-","-","-","-","-","-","-","-","-","-","201","116533","0","118077"
"RoadRunneR","64","128","07","C",="-Os","42","338","0","390","594","-","-","-","-","-","-","-","-","-","-","383","180522","0","181037"
"RoadRunneR","64","128","08","C",="-O3","24","1608","0","1732","2256","-","-","-","-","-","-","-","-","-","-","24","89139","0","89111"
"RoadRunneR","64","128","08","C",="-O2","24","516","0","552","776","-","-","-","-","-","-","-","-","-","-","20","123217","0","124558"
"RoadRunneR","64","128","08","C",="-O1","24","492","0","540","760","-","-","-","-","-","-","-","-","-","-","17","123629","0","124973"
"RoadRunneR","64","128","08","C",="-Os","18","388","0","432","622","-","-","-","-","-","-","-","-","-","-","36","188143","0","189405"
"RoadRunneR","64","128","09","C",="-O3","48","1216","0","1336","1708","-","-","-","-","-","-","-","-","-","-","241","70707","0","70726"
"RoadRunneR","64","128","09","C",="-O2","48","404","0","440","648","-","-","-","-","-","-","-","-","-","-","241","106737","0","106926"
"RoadRunneR","64","128","09","C",="-O1","40","384","0","436","628","-","-","-","-","-","-","-","-","-","-","197","106365","0","106810"
"RoadRunneR","64","128","09","C",="-Os","42","292","0","342","522","-","-","-","-","-","-","-","-","-","-","448","170358","0","170674"
"RoadRunneR","64","128","10","C",="-O3","24","1372","0","1500","1860","-","-","-","-","-","-","-","-","-","-","20","82806","0","83072"
"RoadRunneR","64","128","10","C",="-O2","24","468","0","512","708","-","-","-","-","-","-","-","-","-","-","20","114773","0","113333"
"RoadRunneR","64","128","10","C",="-O1","24","452","0","504","700","-","-","-","-","-","-","-","-","-","-","23","113684","0","114915"
"RoadRunneR","64","128","10","C",="-Os","18","346","0","394","556","-","-","-","-","-","-","-","-","-","-","44","173231","0","173453"
"RoadRunneR","64","128","11","C",="-O3","48","1064","0","1164","2276","-","-","-","-","-","-","-","-","-","-","261","61519","0","64359"
"RoadRunneR","64","128","11","C",="-O2","48","568","0","612","1228","-","-","-","-","-","-","-","-","-","-","225","94319","0","99556"
"RoadRunneR","64","128","11","C",="-O1","40","544","0","608","1192","-","-","-","-","-","-","-","-","-","-","134","107593","0","98785"
"RoadRunneR","64","128","11","C",="-Os","42","466","0","514","1022","-","-","-","-","-","-","-","-","-","-","413","94911","0","92477"
"RoadRunneR","64","128","12","C",="-O3","24","1044","0","1168","2236","-","-","-","-","-","-","-","-","-","-","23","64795","0","66419"
"RoadRunneR","64","128","12","C",="-O2","24","536","0","576","1136","-","-","-","-","-","-","-","-","-","-","23","94759","0","95094"
"RoadRunneR","64","128","12","C",="-O1","24","564","0","616","1204","-","-","-","-","-","-","-","-","-","-","20","98409","0","104363"
"RoadRunneR","64","128","12","C",="-Os","18","480","0","528","1026","-","-","-","-","-","-","-","-","-","-","42","93386","0","95821"
"RoadRunneR","64","128","13","C",="-O3","48","8312","0","8432","16792","-","-","-","-","-","-","-","-","-","-","225","65606","0","66448"
"RoadRunneR","64","128","13","C",="-O2","48","8148","0","8184","16380","-","-","-","-","-","-","-","-","-","-","225","66531","0","67458"
"RoadRunneR","64","128","13","C",="-O1","40","6448","0","6500","12988","-","-","-","-","-","-","-","-","-","-","200","67540","0","69075"
"RoadRunneR","64","128","13","C",="-Os","42","6430","0","6478","12950","-","-","-","-","-","-","-","-","-","-","382","66622","0","66886"
"RoadRunneR","64","128","14","C",="-O3","24","8124","0","8248","16396","-","-","-","-","-","-","-","-","-","-","23","65034","0","65314"
"RoadRunneR","64","128","14","C",="-O2","24","7960","0","8000","15984","-","-","-","-","-","-","-","-","-","-","23","66933","0","66229"
"RoadRunneR","64","128","14","C",="-O1","24","6216","0","6268","12508","-","-","-","-","-","-","-","-","-","-","20","67940","0","69171"
"RoadRunneR","64","128","14","C",="-Os","18","6196","0","6244","12458","-","-","-","-","-","-","-","-","-","-","36","66774","0","67266"
"RoadRunneR","64","128","15","C",="-O3","48","1032","0","1124","2204","-","-","-","-","-","-","-","-","-","-","216","59003","0","65011"
"RoadRunneR","64","128","15","C",="-O2","48","868","0","880","1796","-","-","-","-","-","-","-","-","-","-","241","59955","0","66878"
"RoadRunneR","64","128","15","C",="-O1","40","772","0","800","1612","-","-","-","-","-","-","-","-","-","-","200","57768","0","59027"
"RoadRunneR","64","128","15","C",="-Os","42","756","0","764","1562","-","-","-","-","-","-","-","-","-","-","387","56214","0","57474"
"RoadRunneR","64","128","16","C",="-O3","24","972","0","1104","2100","-","-","-","-","-","-","-","-","-","-","21","56879","0","57719"
"RoadRunneR","64","128","16","C",="-O2","24","812","0","856","1692","-","-","-","-","-","-","-","-","-","-","20","57888","0","58772"
"RoadRunneR","64","128","16","C",="-O1","24","716","0","768","1508","-","-","-","-","-","-","-","-","-","-","20","54809","0","55980"
"RoadRunneR","64","128","16","C",="-Os","18","726","0","774","1518","-","-","-","-","-","-","-","-","-","-","39","57087","0","60365"
"RoadRunneR","64","128","17","C",="-O3","48","7772","0","7896","15716","-","-","-","-","-","-","-","-","-","-","261","50815","0","51319"
"RoadRunneR","64","128","17","C",="-O2","48","7608","0","7648","15304","-","-","-","-","-","-","-","-","-","-","261","52723","0","52196"
"RoadRunneR","64","128","17","C",="-O1","40","6948","0","7000","13988","-","-","-","-","-","-","-","-","-","-","217","49833","0","51260"
"RoadRunneR","64","128","17","C",="-Os","42","6928","0","6978","13948","-","-","-","-","-","-","-","-","-","-","431","53359","0","51069"
"RoadRunneR","64","128","18","C",="-O3","24","7728","0","7852","15604","-","-","-","-","-","-","-","-","-","-","21","50033","0","52279"
"RoadRunneR","64","128","18","C",="-O2","24","7564","0","7604","15192","-","-","-","-","-","-","-","-","-","-","21","51940","0","53171"
"RoadRunneR","64","128","18","C",="-O1","24","6868","0","6920","13812","-","-","-","-","-","-","-","-","-","-","20","50137","0","51564"
"RoadRunneR","64","128","18","C",="-Os","18","6850","0","6898","13766","-","-","-","-","-","-","-","-","-","-","33","52126","0","52662"
"NOEKEON","128","128","03","C",="-O3","24","1144","0","1392","1864","-","-","-","-","-","-","-","-","-","-","23","14302","0","15742"
"NOEKEON","128","128","03","C",="-O2","24","512","0","584","728","-","-","-","-","-","-","-","-","-","-","23","30627","0","32362"
"NOEKEON","128","128","03","C",="-O1","24","484","0","568","708","-","-","-","-","-","-","-","-","-","-","20","42837","0","44770"
"NOEKEON","128","128","03","C",="-Os","18","448","0","532","644","-","-","-","-","-","-","-","-","-","-","38","42458","0","43918"
"NOEKEON","128","128","04","C",="-O3","732","1144","0","1392","1876","-","-","-","-","-","-","-","-","-","-","1691","14391","0","15806"
"NOEKEON","128","128","04","C",="-O2","428","512","0","584","740","-","-","-","-","-","-","-","-","-","-","3730","32510","0","33190"
"NOEKEON","128","128","04","C",="-O1","404","484","0","568","720","-","-","-","-","-","-","-","-","-","-","4791","40301","0","42181"
"NOEKEON","128","128","04","C",="-Os","394","448","0","532","666","-","-","-","-","-","-","-","-","-","-","4718","40830","0","41425"
"NOEKEON","128","128","05","C",="-O3","92","896","0","1144","1660","-","-","-","-","-","-","-","-","-","-","20","18505","0","18932"
"NOEKEON","128","128","05","C",="-O2","92","492","0","564","752","-","-","-","-","-","-","-","-","-","-","20","29942","0","30630"
"NOEKEON","128","128","05","C",="-O1","92","464","0","544","732","-","-","-","-","-","-","-","-","-","-","17","34809","0","36817"
"NOEKEON","128","128","05","C",="-Os","86","424","0","506","656","-","-","-","-","-","-","-","-","-","-","33","36075","0","38034"
"NOEKEON","128","128","06","C",="-O3","24","728","0","964","1716","-","-","-","-","-","-","-","-","-","-","22","13240","0","9630"
"NOEKEON","128","128","06","C",="-O2","24","400","0","460","884","-","-","-","-","-","-","-","-","-","-","22","15210","0","11606"
"NOEKEON","128","128","06","C",="-O1","24","360","0","468","852","-","-","-","-","-","-","-","-","-","-","20","16027","0","12772"
"NOEKEON","128","128","06","C",="-Os","18","340","0","446","804","-","-","-","-","-","-","-","-","-","-","42","15434","0","11799"
"NOEKEON","128","128","07","C",="-O3","44","732","0","1000","1736","-","-","-","-","-","-","-","-","-","-","22","12284","0","10618"
"NOEKEON","128","128","07","C",="-O2","44","404","0","496","904","-","-","-","-","-","-","-","-","-","-","22","14030","0","12565"
"NOEKEON","128","128","07","C",="-O1","44","372","0","484","860","-","-","-","-","-","-","-","-","-","-","19","15617","0","14501"
"NOEKEON","128","128","07","C",="-Os","35","365","0","475","841","-","-","-","-","-","-","-","-","-","-","32","16146","0","14238"
"NOEKEON","128","128","08","C",="-O3","24","2544","0","2644","5212","-","-","-","-","-","-","-","-","-","-","20","9434","0","7265"
"NOEKEON","128","128","08","C",="-O2","24","2216","0","2140","4380","-","-","-","-","-","-","-","-","-","-","20","10410","0","8524"
"NOEKEON","128","128","08","C",="-O1","24","2220","0","2312","4556","-","-","-","-","-","-","-","-","-","-","20","11228","0","10211"
"NOEKEON","128","128","08","C",="-Os","18","2200","0","2294","4512","-","-","-","-","-","-","-","-","-","-","39","11527","0","9850"
"NOEKEON","128","128","09","C",="-O3","44","688","0","960","1652","-","-","-","-","-","-","-","-","-","-","23","7540","0","8579"
"NOEKEON","128","128","09","C",="-O2","44","360","0","456","820","-","-","-","-","-","-","-","-","-","-","23","9347","0","9621"
"NOEKEON","128","128","09","C",="-O1","44","364","0","452","820","-","-","-","-","-","-","-","-","-","-","17","9319","0","10943"
"NOEKEON","128","128","09","C",="-Os","35","325","0","443","769","-","-","-","-","-","-","-","-","-","-","38","10286","0","12055"
"NOEKEON","128","128","10","C",="-O3","44","704","0","952","1660","-","-","-","-","-","-","-","-","-","-","21","8783","0","9970"
"NOEKEON","128","128","10","C",="-O2","44","360","0","448","812","-","-","-","-","-","-","-","-","-","-","21","10676","0","10499"
"NOEKEON","128","128","10","C",="-O1","44","368","0","456","828","-","-","-","-","-","-","-","-","-","-","19","10353","0","11713"
"NOEKEON","128","128","10","C",="-Os","35","341","0","443","785","-","-","-","-","-","-","-","-","-","-","39","10687","0","11574"
"NOEKEON","128","128","11","C",="-O3","44","756","0","1036","1508","-","-","-","-","-","-","-","-","-","-","23","10838","0","11856"
"NOEKEON","128","128","11","C",="-O2","44","428","0","532","676","-","-","-","-","-","-","-","-","-","-","23","12638","0","12901"
"NOEKEON","128","128","11","C",="-O1","44","404","0","516","660","-","-","-","-","-","-","-","-","-","-","19","10525","0","11917"
"NOEKEON","128","128","11","C",="-Os","35","367","0","481","595","-","-","-","-","-","-","-","-","-","-","30","11858","0","12886"
"NOEKEON","128","128","12","C",="-O3","44","2528","0","2820","5352","-","-","-","-","-","-","-","-","-","-","22","6696","0","7446"
"NOEKEON","128","128","12","C",="-O2","44","2200","0","2316","4520","-","-","-","-","-","-","-","-","-","-","22","8435","0","9422"
"NOEKEON","128","128","12","C",="-O1","44","2148","0","2288","4440","-","-","-","-","-","-","-","-","-","-","20","8169","0","9564"
"NOEKEON","128","128","12","C",="-Os","35","2125","0","2265","4391","-","-","-","-","-","-","-","-","-","-","29","8150","0","8573"
"RECTANGLE","64","128","10","C",="-O3","236","444","0","560","1240","-","-","-","-","-","-","-","-","-","-","2077","20090","0","19135"
"RECTANGLE","64","128","10","C",="-O2","236","280","0","312","828","-","-","-","-","-","-","-","-","-","-","2077","21039","0","20116"
"RECTANGLE","64","128","10","C",="-O1","220","264","0","308","792","-","-","-","-","-","-","-","-","-","-","2371","22553","0","23953"
"RECTANGLE","64","128","10","C",="-Os","212","230","0","286","728","-","-","-","-","-","-","-","-","-","-","2460","22966","0","23474"
"RECTANGLE","64","128","11","C",="-O3","236","416","0","532","1184","-","-","-","-","-","-","-","-","-","-","2304","20963","0","23655"
"RECTANGLE","64","128","11","C",="-O2","236","252","0","284","772","-","-","-","-","-","-","-","-","-","-","2304","22870","0","24563"
"RECTANGLE","64","128","11","C",="-O1","216","232","0","296","744","-","-","-","-","-","-","-","-","-","-","1927","24917","0","29283"
"RECTANGLE","64","128","11","C",="-Os","213","200","0","282","695","-","-","-","-","-","-","-","-","-","-","2133","25135","0","26365"
"RECTANGLE","64","128","12","C",="-O3","236","2768","0","2972","5976","-","-","-","-","-","-","-","-","-","-","1965","19498","0","21266"
"RECTANGLE","64","128","12","C",="-O2","236","2604","0","2724","5564","-","-","-","-","-","-","-","-","-","-","1965","21397","0","22181"
"RECTANGLE","64","128","12","C",="-O1","216","2304","0","2472","4992","-","-","-","-","-","-","-","-","-","-","2060","21003","0","23066"
"RECTANGLE","64","128","12","C",="-Os","213","2284","0","2450","4947","-","-","-","-","-","-","-","-","-","-","2077","21014","0","22306"
"RECTANGLE","64","128","13","C",="-O3","236","412","0","532","1180","-","-","-","-","-","-","-","-","-","-","2036","19731","0","19702"
"RECTANGLE","64","128","13","C",="-O2","236","248","0","284","768","-","-","-","-","-","-","-","-","-","-","2036","21585","0","21582"
"RECTANGLE","64","128","13","C",="-O1","216","224","0","280","720","-","-","-","-","-","-","-","-","-","-","2060","21467","0","24683"
"RECTANGLE","64","128","13","C",="-Os","213","204","0","278","695","-","-","-","-","-","-","-","-","-","-","2133","25567","0","24093"
"RECTANGLE","64","128","14","C",="-O3","236","2624","0","3036","5896","-","-","-","-","-","-","-","-","-","-","1965","17467","0","19987"
"RECTANGLE","64","128","14","C",="-O2","236","2460","0","2788","5484","-","-","-","-","-","-","-","-","-","-","1965","19351","0","20919"
"RECTANGLE","64","128","14","C",="-O1","216","2056","0","2456","4728","-","-","-","-","-","-","-","-","-","-","1927","19364","0","21347"
"RECTANGLE","64","128","14","C",="-Os","213","2038","0","2432","4683","-","-","-","-","-","-","-","-","-","-","2215","20058","0","21405"
"Speck","64","128","07","C",="-O3","180","300","0","432","912","-","-","-","-","-","-","-","-","-","-","408","7123","0","12182"
"Speck","64","128","07","C",="-O2","68","136","0","184","388","-","-","-","-","-","-","-","-","-","-","749","8977","0","14014"
"Speck","64","128","07","C",="-O1","64","132","0","192","388","-","-","-","-","-","-","-","-","-","-","598","12653","0","15162"
"Speck","64","128","07","C",="-Os","64","112","0","168","344","-","-","-","-","-","-","-","-","-","-","729","11062","0","14898"
"Speck","64","128","08","C",="-O3","180","708","0","940","1828","-","-","-","-","-","-","-","-","-","-","394","5571","0","8039"
"Speck","64","128","08","C",="-O2","68","544","0","692","1304","-","-","-","-","-","-","-","-","-","-","547","7478","0","8886"
"Speck","64","128","08","C",="-O1","64","540","0","700","1304","-","-","-","-","-","-","-","-","-","-","575","8029","0","9325"
"Speck","64","128","08","C",="-Os","64","520","0","676","1260","-","-","-","-","-","-","-","-","-","-","655","7231","0","8493"
"Speck","64","128","09","C",="-O3","180","300","0","432","912","-","-","-","-","-","-","-","-","-","-","408","5779","0","10486"
"Speck","64","128","09","C",="-O2","68","136","0","184","388","-","-","-","-","-","-","-","-","-","-","749","7633","0","12318"
"Speck","64","128","09","C",="-O1","64","132","0","192","388","-","-","-","-","-","-","-","-","-","-","598","7645","0","13050"
"Speck","64","128","09","C",="-Os","64","112","0","166","342","-","-","-","-","-","-","-","-","-","-","676","11454","0","11926"
"Speck","64","128","10","C",="-O3","180","604","0","836","1620","-","-","-","-","-","-","-","-","-","-","394","4179","0","5751"
"Speck","64","128","10","C",="-O2","68","440","0","588","1096","-","-","-","-","-","-","-","-","-","-","547","6086","0","6598"
"Speck","64","128","10","C",="-O1","64","436","0","596","1096","-","-","-","-","-","-","-","-","-","-","575","6045","0","7837"
"Speck","64","128","10","C",="-Os","64","416","0","572","1052","-","-","-","-","-","-","-","-","-","-","655","6495","0","6893"
"SPARX","64","128","36","C",="-O3","228","480","0","604","1272","-","-","-","-","-","-","-","-","-","-","1631","45654","0","42688"
"SPARX","64","128","36","C",="-O2","228","316","0","356","860","-","-","-","-","-","-","-","-","-","-","1631","46579","0","43698"
"SPARX","64","128","36","C",="-O1","248","316","0","372","896","-","-","-","-","-","-","-","-","-","-","1589","46725","0","44045"
"SPARX","64","128","36","C",="-Os","238","298","0","350","848","-","-","-","-","-","-","-","-","-","-","1731","51290","0","46157"
"SPARX","64","128","37","C",="-O3","160","468","0","592","1184","-","-","-","-","-","-","-","-","-","-","1258","36355","0","36774"
"SPARX","64","128","37","C",="-O2","160","304","0","344","772","-","-","-","-","-","-","-","-","-","-","1258","38209","0","38606"
"SPARX","64","128","37","C",="-O1","172","312","0","364","812","-","-","-","-","-","-","-","-","-","-","1140","37380","0","39107"
"SPARX","64","128","37","C",="-Os","166","292","0","332","758","-","-","-","-","-","-","-","-","-","-","1430","43726","0","43702"
"SPARX","64","128","38","C",="-O3","136","440","0","560","1108","-","-","-","-","-","-","-","-","-","-","987","28019","0","30583"
"SPARX","64","128","38","C",="-O2","136","276","0","312","696","-","-","-","-","-","-","-","-","-","-","987","29926","0","31430"
"SPARX","64","128","38","C",="-O1","132","264","0","320","688","-","-","-","-","-","-","-","-","-","-","894","25813","0","31485"
"SPARX","64","128","38","C",="-Os","134","254","0","294","654","-","-","-","-","-","-","-","-","-","-","900","26879","0","31101"
"SPARX","64","128","39","C",="-O3","356","564","0","660","1580","-","-","-","-","-","-","-","-","-","-","617","15690","0","18129"
"SPARX","64","128","39","C",="-O2","148","400","0","412","960","-","-","-","-","-","-","-","-","-","-","805","17589","0","19030"
"SPARX","64","128","39","C",="-O1","144","340","0","404","888","-","-","-","-","-","-","-","-","-","-","869","18373","0","20109"
"SPARX","64","128","39","C",="-Os","144","374","0","384","902","-","-","-","-","-","-","-","-","-","-","775","18302","0","19110"
"SPARX","64","128","40","C",="-O3","356","2216","0","2160","4732","-","-","-","-","-","-","-","-","-","-","617","15722","0","16387"
"SPARX","64","128","40","C",="-O2","148","2052","0","1912","4112","-","-","-","-","-","-","-","-","-","-","805","17621","0","17319"
"SPARX","64","128","40","C",="-O1","144","1772","0","1920","3836","-","-","-","-","-","-","-","-","-","-","697","17764","0","18819"
"SPARX","64","128","40","C",="-Os","144","1752","0","1896","3792","-","-","-","-","-","-","-","-","-","-","771","17482","0","18621"
"SPARX","64","128","41","C",="-O3","356","564","0","660","1580","-","-","-","-","-","-","-","-","-","-","617","16938","0","17506"
"SPARX","64","128","41","C",="-O2","148","264","0","292","704","-","-","-","-","-","-","-","-","-","-","805","26597","0","26310"
"SPARX","64","128","41","C",="-O1","144","260","0","304","708","-","-","-","-","-","-","-","-","-","-","774","28395","0","25740"
"SPARX","64","128","41","C",="-Os","144","234","0","280","658","-","-","-","-","-","-","-","-","-","-","756","26922","0","28445"
"SPARX","64","128","42","C",="-O3","356","564","0","660","1580","-","-","-","-","-","-","-","-","-","-","617","15690","0","18129"
"SPARX","64","128","42","C",="-O2","148","400","0","412","960","-","-","-","-","-","-","-","-","-","-","805","17589","0","19030"
"SPARX","64","128","42","C",="-O1","144","340","0","404","888","-","-","-","-","-","-","-","-","-","-","869","18373","0","20109"
"SPARX","64","128","42","C",="-Os","144","374","0","384","902","-","-","-","-","-","-","-","-","-","-","775","18302","0","19110"
"SPARX","64","128","43","C",="-O3","356","2216","0","2160","4732","-","-","-","-","-","-","-","-","-","-","617","15722","0","16387"
"SPARX","64","128","43","C",="-O2","148","2052","0","1912","4112","-","-","-","-","-","-","-","-","-","-","805","17621","0","17319"
"SPARX","64","128","43","C",="-O1","144","1772","0","1920","3836","-","-","-","-","-","-","-","-","-","-","697","17764","0","18819"
"SPARX","64","128","43","C",="-Os","144","1752","0","1896","3792","-","-","-","-","-","-","-","-","-","-","771","17482","0","18621"
